x	y	label	showSelected1
-2.5	5	1 station	132
-2.5	5	2 stations	147
-2.5	5	1 station	159
-2.5	5	1 station	161
-2.5	5	1 station	186
-2.5	5	1 station	188
-2.5	5	1 station	189
-2.5	5	1 station	197
-2.5	5	1 station	213
-2.5	5	1 station	218
-2.5	5	1 station	248
-2.5	5	1 station	250
-2.5	5	1 station	253
-2.5	5	1 station	280
-2.5	5	1 station	293
-2.5	5	1 station	296
-2.5	5	1 station	297
-2.5	5	1 station	302
-2.5	5	1 station	304
-2.5	5	1 station	305
-2.5	5	1 station	306
-2.5	5	1 station	309
-2.5	5	1 station	312
-2.5	5	1 station	315
-2.5	5	1 station	317
-2.5	5	1 station	336
-2.5	5	1 station	337
-2.5	5	3 stations	338
-2.5	5	1 station	405
-2.5	5	1 station	406
-2.5	5	9 stations	408
-2.5	5	3 stations	409
-2.5	5	1 station	507
-2.5	5	1 station	509
-2.5	5	1 station	526
-2.5	5	1 station	548
-2.5	5	3 stations	552
-2.5	5	1 station	553
-2.5	5	7 stations	554
-2.5	5	4 stations	555
-2.5	5	2 stations	556
-2.5	5	2 stations	578
-2.5	5	2 stations	579
-2.5	5	1 station	598
-2.5	5	1 station	602
-2.5	5	1 station	605
-2.5	5	5 stations	626
-2.5	5	2 stations	627
-2.5	5	2 stations	628
-2.5	5	4 stations	650
-2.5	5	21 stations	655
-2.5	5	1 station	686
-2.5	5	1 station	696
-2.5	5	3 stations	697
-2.5	5	3 stations	698
-2.5	5	9 stations	699
-2.5	5	1 station	720
-2.5	5	2 stations	721
-2.5	5	6 stations	722
-2.5	5	4 stations	726
-2.5	5	26 stations	727
-2.5	5	27 stations	728
-2.5	5	10 stations	729
-2.5	5	1 station	741
-2.5	5	1 station	759
-2.5	5	1 station	767
-2.5	5	10 stations	768
-2.5	5	13 stations	769
-2.5	5	6 stations	770
-2.5	5	13 stations	771
-2.5	5	1 station	797
-2.5	5	25 stations	798
-2.5	5	30 stations	799
-2.5	5	10 stations	800
-2.5	5	25 stations	801
-2.5	5	6 stations	802
-2.5	5	3 stations	803
-2.5	5	6 stations	804
-2.5	5	29 stations	805
-2.5	5	3 stations	822
-2.5	5	7 stations	823
-2.5	5	5 stations	824
-2.5	5	6 stations	825
-2.5	5	9 stations	839
-2.5	5	20 stations	840
-2.5	5	15 stations	841
-2.5	5	14 stations	842
-2.5	5	7 stations	843
-2.5	5	1 station	844
-2.5	5	1 station	867
-2.5	5	35 stations	870
-2.5	5	12 stations	871
-2.5	5	4 stations	872
-2.5	5	3 stations	873
-2.5	5	1 station	874
-2.5	5	2 stations	875
-2.5	5	3 stations	876
-2.5	5	5 stations	877
-2.5	5	2 stations	878
-2.5	5	1 station	891
-2.5	5	5 stations	894
-2.5	5	16 stations	895
-2.5	5	4 stations	896
-2.5	5	4 stations	897
-2.5	5	8 stations	910
-2.5	5	17 stations	911
-2.5	5	15 stations	912
-2.5	5	6 stations	913
-2.5	5	10 stations	914
-2.5	5	7 stations	915
-2.5	5	1 station	922
-2.5	5	1 station	927
-2.5	5	1 station	929
-2.5	5	1 station	936
-2.5	5	3 stations	939
-2.5	5	1 station	940
-2.5	5	8 stations	942
-2.5	5	13 stations	943
-2.5	5	6 stations	944
-2.5	5	3 stations	945
-2.5	5	2 stations	946
-2.5	5	1 station	948
-2.5	5	6 stations	949
-2.5	5	2 stations	950
-2.5	5	4 stations	961
-2.5	5	1 station	963
-2.5	5	2 stations	964
-2.5	5	1 station	965
-2.5	5	1 station	966
-2.5	5	6 stations	967
-2.5	5	1 station	968
-2.5	5	2 stations	969
-2.5	5	1 station	978
-2.5	5	21 stations	981
-2.5	5	19 stations	982
-2.5	5	8 stations	983
-2.5	5	6 stations	984
-2.5	5	8 stations	985
-2.5	5	3 stations	986
-2.5	5	3 stations	987
-2.5	5	1 station	999
-2.5	5	1 station	1002
-2.5	5	1 station	1003
-2.5	5	1 station	1004
-2.5	5	2 stations	1008
-2.5	5	5 stations	1009
-2.5	5	2 stations	1011
-2.5	5	1 station	1014
-2.5	5	12 stations	1015
-2.5	5	5 stations	1016
-2.5	5	5 stations	1017
-2.5	5	5 stations	1018
-2.5	5	5 stations	1019
-2.5	5	5 stations	1020
-2.5	5	1 station	1032
-2.5	5	1 station	1033
-2.5	5	1 station	1034
-2.5	5	3 stations	1035
-2.5	5	4 stations	1036
-2.5	5	4 stations	1037
-2.5	5	3 stations	1038
-2.5	5	1 station	1039
-2.5	5	2 stations	1040
-2.5	5	2 stations	1041
-2.5	5	1 station	1042
-2.5	5	1 station	1046
-2.5	5	2 stations	1052
-2.5	5	18 stations	1053
-2.5	5	12 stations	1054
-2.5	5	4 stations	1055
-2.5	5	5 stations	1056
-2.5	5	7 stations	1057
-2.5	5	13 stations	1058
-2.5	5	5 stations	1059
-2.5	5	1 station	1060
-2.5	5	2 stations	1073
-2.5	5	1 station	1074
-2.5	5	2 stations	1075
-2.5	5	1 station	1076
-2.5	5	1 station	1079
-2.5	5	1 station	1080
-2.5	5	2 stations	1081
-2.5	5	1 station	1083
-2.5	5	5 stations	1088
-2.5	5	2 stations	1089
-2.5	5	6 stations	1090
-2.5	5	1 station	1091
-2.5	5	1 station	1095
-2.5	5	1 station	1097
-2.5	5	1 station	1105
-2.5	5	1 station	1106
-2.5	5	4 stations	1107
-2.5	5	3 stations	1108
-2.5	5	2 stations	1109
-2.5	5	3 stations	1110
-2.5	5	3 stations	1111
-2.5	5	1 station	1112
-2.5	5	5 stations	1113
-2.5	5	3 stations	1114
-2.5	5	10 stations	1124
-2.5	5	12 stations	1125
-2.5	5	6 stations	1126
-2.5	5	2 stations	1128
-2.5	5	2 stations	1129
-2.5	5	5 stations	1130
-2.5	5	3 stations	1131
-2.5	5	11 stations	1132
-2.5	5	1 station	1144
-2.5	5	2 stations	1145
-2.5	5	1 station	1149
-2.5	5	1 station	1150
-2.5	5	3 stations	1151
-2.5	5	2 stations	1152
-2.5	5	1 station	1153
-2.5	5	1 station	1156
-2.5	5	1 station	1157
-2.5	5	3 stations	1159
-2.5	5	1 station	1160
-2.5	5	1 station	1162
-2.5	5	2 stations	1163
-2.5	5	1 station	1164
-2.5	5	3 stations	1165
-2.5	5	7 stations	1166
-2.5	5	8 stations	1167
-2.5	5	1 station	1174
-2.5	5	2 stations	1181
-2.5	5	1 station	1182
-2.5	5	5 stations	1183
-2.5	5	8 stations	1184
-2.5	5	3 stations	1185
-2.5	5	9 stations	1186
-2.5	5	1 station	1191
-2.5	5	2 stations	1195
-2.5	5	24 stations	1196
-2.5	5	14 stations	1197
-2.5	5	7 stations	1198
-2.5	5	1 station	1199
-2.5	5	1 station	1200
-2.5	5	3 stations	1201
-2.5	5	3 stations	1202
-2.5	5	3 stations	1203
-2.5	5	13 stations	1204
-2.5	5	1 station	1205
-2.5	5	1 station	1216
-2.5	5	1 station	1220
-2.5	5	2 stations	1223
-2.5	5	1 station	1225
-2.5	5	2 stations	1227
-2.5	5	1 station	1230
-2.5	5	1 station	1231
-2.5	5	1 station	1232
-2.5	5	2 stations	1233
-2.5	5	3 stations	1234
-2.5	5	1 station	1236
-2.5	5	1 station	1237
-2.5	5	1 station	1238
-2.5	5	3 stations	1239
-2.5	5	3 stations	1240
-2.5	5	1 station	1246
-2.5	5	1 station	1249
-2.5	5	4 stations	1253
-2.5	5	2 stations	1254
-2.5	5	5 stations	1255
-2.5	5	4 stations	1256
-2.5	5	7 stations	1257
-2.5	5	14 stations	1258
-2.5	5	1 station	1259
-2.5	5	1 station	1260
-2.5	5	1 station	1267
-2.5	5	3 stations	1268
-2.5	5	8 stations	1269
-2.5	5	7 stations	1270
-2.5	5	6 stations	1271
-2.5	5	5 stations	1272
-2.5	5	4 stations	1273
-2.5	5	3 stations	1274
-2.5	5	1 station	1275
-2.5	5	11 stations	1276
-2.5	5	7 stations	1277
-2.5	5	1 station	1278
-2.5	5	1 station	1291
-2.5	5	1 station	1294
-2.5	5	1 station	1295
-2.5	5	1 station	1298
-2.5	5	1 station	1307
-2.5	5	1 station	1308
-2.5	5	1 station	1309
-2.5	5	4 stations	1310
-2.5	5	2 stations	1311
-2.5	5	11 stations	1312
-2.5	5	2 stations	1313
-2.5	5	1 station	1323
-2.5	5	2 stations	1324
-2.5	5	2 stations	1325
-2.5	5	8 stations	1326
-2.5	5	5 stations	1327
-2.5	5	7 stations	1328
-2.5	5	9 stations	1329
-2.5	5	17 stations	1330
-2.5	5	8 stations	1331
-2.5	5	1 station	1333
-2.5	5	2 stations	1334
-2.5	5	4 stations	1343
-2.5	5	3 stations	1344
-2.5	5	3 stations	1345
-2.5	5	1 station	1346
-2.5	5	4 stations	1347
-2.5	5	11 stations	1348
-2.5	5	1 station	1351
-2.5	5	2 stations	1364
-2.5	5	1 station	1370
-2.5	5	1 station	1371
-2.5	5	4 stations	1372
-2.5	5	3 stations	1373
-2.5	5	2 stations	1374
-2.5	5	1 station	1375
-2.5	5	3 stations	1377
-2.5	5	2 stations	1378
-2.5	5	2 stations	1379
-2.5	5	1 station	1380
-2.5	5	2 stations	1381
-2.5	5	1 station	1382
-2.5	5	6 stations	1384
-2.5	5	5 stations	1385
-2.5	5	3 stations	1388
-2.5	5	5 stations	1389
-2.5	5	1 station	1390
-2.5	5	2 stations	1395
-2.5	5	4 stations	1396
-2.5	5	4 stations	1397
-2.5	5	1 station	1398
-2.5	5	2 stations	1399
-2.5	5	5 stations	1400
-2.5	5	7 stations	1401
-2.5	5	10 stations	1402
-2.5	5	5 stations	1403
-2.5	5	14 stations	1404
-2.5	5	4 stations	1405
-2.5	5	7 stations	1406
-2.5	5	9 stations	1407
-2.5	5	2 stations	1415
-2.5	5	7 stations	1416
-2.5	5	3 stations	1417
-2.5	5	2 stations	1418
-2.5	5	6 stations	1419
-2.5	5	7 stations	1420
-2.5	5	7 stations	1421
-2.5	5	1 station	1444
-2.5	5	3 stations	1448
-2.5	5	1 station	1451
-2.5	5	9 stations	1452
-2.5	5	5 stations	1455
-2.5	5	12 stations	1456
-2.5	5	3 stations	1457
-2.5	5	1 station	1458
-2.5	5	1 station	1460
-2.5	5	8 stations	1461
-2.5	5	3 stations	1462
-2.5	5	3 stations	1467
-2.5	5	2 stations	1468
-2.5	5	5 stations	1469
-2.5	5	7 stations	1470
-2.5	5	2 stations	1471
-2.5	5	2 stations	1472
-2.5	5	6 stations	1473
-2.5	5	6 stations	1474
-2.5	5	6 stations	1475
-2.5	5	8 stations	1476
-2.5	5	9 stations	1477
-2.5	5	14 stations	1478
-2.5	5	10 stations	1479
-2.5	5	9 stations	1480
-2.5	5	1 station	1481
-2.5	5	1 station	1488
-2.5	5	7 stations	1489
-2.5	5	9 stations	1490
-2.5	5	2 stations	1491
-2.5	5	1 station	1492
-2.5	5	4 stations	1493
-2.5	5	10 stations	1494
-2.5	5	4 stations	1495
-2.5	5	1 station	1515
-2.5	5	1 station	1519
-2.5	5	2 stations	1524
-2.5	5	5 stations	1526
-2.5	5	7 stations	1527
-2.5	5	13 stations	1528
-2.5	5	5 stations	1529
-2.5	5	1 station	1531
-2.5	5	5 stations	1532
-2.5	5	8 stations	1533
-2.5	5	7 stations	1534
-2.5	5	1 station	1538
-2.5	5	2 stations	1540
-2.5	5	6 stations	1541
-2.5	5	6 stations	1542
-2.5	5	1 station	1544
-2.5	5	1 station	1545
-2.5	5	1 station	1546
-2.5	5	1 station	1547
-2.5	5	3 stations	1548
-2.5	5	4 stations	1549
-2.5	5	3 stations	1550
-2.5	5	6 stations	1551
-2.5	5	4 stations	1552
-2.5	5	1 station	1553
-2.5	5	1 station	1554
-2.5	5	8 stations	1561
-2.5	5	17 stations	1562
-2.5	5	20 stations	1563
-2.5	5	7 stations	1564
-2.5	5	3 stations	1565
-2.5	5	10 stations	1566
-2.5	5	7 stations	1567
-2.5	5	11 stations	1568
-2.5	5	2 stations	1569
-2.5	5	2 stations	1580
-2.5	5	1 station	1582
-2.5	5	1 station	1590
-2.5	5	1 station	1592
-2.5	5	1 station	1595
-2.5	5	19 stations	1596
-2.5	5	7 stations	1597
-2.5	5	19 stations	1598
-2.5	5	13 stations	1599
-2.5	5	10 stations	1600
-2.5	5	5 stations	1601
-2.5	5	11 stations	1602
-2.5	5	12 stations	1603
-2.5	5	3 stations	1604
-2.5	5	8 stations	1605
-2.5	5	7 stations	1606
-2.5	5	4 stations	1607
-2.5	5	2 stations	1609
-2.5	5	1 station	1611
-2.5	5	1 station	1612
-2.5	5	3 stations	1613
-2.5	5	2 stations	1614
-2.5	5	1 station	1616
-2.5	5	1 station	1617
-2.5	5	2 stations	1619
-2.5	5	2 stations	1620
-2.5	5	2 stations	1623
-2.5	5	2 stations	1624
-2.5	5	2 stations	1635
-2.5	5	10 stations	1636
-2.5	5	8 stations	1637
-2.5	5	2 stations	1638
-2.5	5	2 stations	1640
-2.5	5	4 stations	1641
-2.5	5	4 stations	1642
-2.5	5	1 station	1643
-2.5	5	12 stations	1652
-2.5	5	1 station	1654
-2.5	5	1 station	1664
-2.5	5	1 station	1665
-2.5	5	1 station	1666
-2.5	5	2 stations	1667
-2.5	5	13 stations	1668
-2.5	5	19 stations	1669
-2.5	5	16 stations	1670
-2.5	5	16 stations	1671
-2.5	5	15 stations	1672
-2.5	5	5 stations	1673
-2.5	5	11 stations	1674
-2.5	5	11 stations	1675
-2.5	5	4 stations	1676
-2.5	5	9 stations	1677
-2.5	5	3 stations	1678
-2.5	5	4 stations	1679
-2.5	5	7 stations	1680
-2.5	5	4 stations	1681
-2.5	5	7 stations	1682
-2.5	5	1 station	1683
-2.5	5	2 stations	1684
-2.5	5	3 stations	1685
-2.5	5	8 stations	1686
-2.5	5	2 stations	1687
-2.5	5	1 station	1688
-2.5	5	1 station	1689
-2.5	5	1 station	1690
-2.5	5	1 station	1691
-2.5	5	3 stations	1692
-2.5	5	1 station	1693
-2.5	5	1 station	1694
-2.5	5	4 stations	1695
-2.5	5	5 stations	1696
-2.5	5	1 station	1708
-2.5	5	20 stations	1709
-2.5	5	7 stations	1711
-2.5	5	19 stations	1712
-2.5	5	12 stations	1713
-2.5	5	1 station	1714
-2.5	5	1 station	1715
-2.5	5	1 station	1720
-2.5	5	1 station	1728
-2.5	5	1 station	1732
-2.5	5	1 station	1736
-2.5	5	7 stations	1737
-2.5	5	12 stations	1738
-2.5	5	6 stations	1739
-2.5	5	7 stations	1740
-2.5	5	16 stations	1741
-2.5	5	15 stations	1742
-2.5	5	14 stations	1743
-2.5	5	12 stations	1744
-2.5	5	10 stations	1745
-2.5	5	5 stations	1746
-2.5	5	1 station	1747
-2.5	5	1 station	1748
-2.5	5	3 stations	1749
-2.5	5	10 stations	1750
-2.5	5	5 stations	1751
-2.5	5	2 stations	1752
-2.5	5	3 stations	1753
-2.5	5	4 stations	1754
-2.5	5	11 stations	1755
-2.5	5	6 stations	1756
-2.5	5	20 stations	1757
-2.5	5	13 stations	1758
-2.5	5	4 stations	1759
-2.5	5	7 stations	1760
-2.5	5	3 stations	1761
-2.5	5	10 stations	1762
-2.5	5	3 stations	1763
-2.5	5	8 stations	1764
-2.5	5	7 stations	1765
-2.5	5	8 stations	1766
-2.5	5	2 stations	1768
-2.5	5	1 station	1775
-2.5	5	2 stations	1777
-2.5	5	13 stations	1780
-2.5	5	56 stations	1781
-2.5	5	47 stations	1782
-2.5	5	36 stations	1783
-2.5	5	32 stations	1784
-2.5	5	21 stations	1785
-2.5	5	23 stations	1786
-2.5	5	23 stations	1787
-2.5	5	18 stations	1788
-2.5	5	1 station	1789
-2.5	5	5 stations	1808
-2.5	5	10 stations	1809
-2.5	5	3 stations	1810
-2.5	5	12 stations	1811
-2.5	5	8 stations	1812
-2.5	5	19 stations	1813
-2.5	5	14 stations	1814
-2.5	5	10 stations	1815
-2.5	5	15 stations	1816
-2.5	5	8 stations	1817
-2.5	5	5 stations	1818
-2.5	5	2 stations	1819
-2.5	5	2 stations	1820
-2.5	5	5 stations	1821
-2.5	5	20 stations	1822
-2.5	5	21 stations	1823
-2.5	5	4 stations	1824
-2.5	5	6 stations	1825
-2.5	5	7 stations	1826
-2.5	5	10 stations	1827
-2.5	5	11 stations	1828
-2.5	5	12 stations	1829
-2.5	5	9 stations	1830
-2.5	5	5 stations	1831
-2.5	5	7 stations	1832
-2.5	5	6 stations	1833
-2.5	5	7 stations	1834
-2.5	5	10 stations	1835
-2.5	5	8 stations	1836
-2.5	5	9 stations	1837
-2.5	5	16 stations	1838
-2.5	5	3 stations	1842
-2.5	5	1 station	1843
-2.5	5	6 stations	1851
-2.5	5	67 stations	1852
-2.5	5	51 stations	1853
-2.5	5	66 stations	1854
-2.5	5	46 stations	1855
-2.5	5	55 stations	1856
-2.5	5	31 stations	1857
-2.5	5	33 stations	1858
-2.5	5	36 stations	1859
-2.5	5	16 stations	1860
-2.5	5	38 stations	1861
-2.5	5	2 stations	1879
-2.5	5	6 stations	1880
-2.5	5	2 stations	1881
-2.5	5	9 stations	1882
-2.5	5	11 stations	1883
-2.5	5	15 stations	1884
-2.5	5	12 stations	1885
-2.5	5	12 stations	1886
-2.5	5	4 stations	1887
-2.5	5	5 stations	1888
-2.5	5	5 stations	1889
-2.5	5	4 stations	1890
-2.5	5	6 stations	1891
-2.5	5	6 stations	1892
-2.5	5	17 stations	1893
-2.5	5	14 stations	1894
-2.5	5	3 stations	1895
-2.5	5	1 station	1896
-2.5	5	1 station	1897
-2.5	5	2 stations	1898
-2.5	5	11 stations	1899
-2.5	5	15 stations	1900
-2.5	5	9 stations	1901
-2.5	5	6 stations	1902
-2.5	5	12 stations	1903
-2.5	5	12 stations	1904
-2.5	5	22 stations	1905
-2.5	5	15 stations	1906
-2.5	5	10 stations	1907
-2.5	5	7 stations	1908
-2.5	5	13 stations	1909
-2.5	5	11 stations	1910
-2.5	5	1 station	1912
-2.5	5	1 station	1917
-2.5	5	1 station	1920
-2.5	5	3 stations	1921
-2.5	5	6 stations	1922
-2.5	5	79 stations	1923
-2.5	5	70 stations	1924
-2.5	5	67 stations	1925
-2.5	5	53 stations	1926
-2.5	5	54 stations	1927
-2.5	5	61 stations	1928
-2.5	5	36 stations	1929
-2.5	5	28 stations	1930
-2.5	5	40 stations	1931
-2.5	5	17 stations	1932
-2.5	5	32 stations	1933
-2.5	5	1 station	1949
-2.5	5	1 station	1950
-2.5	5	2 stations	1951
-2.5	5	10 stations	1952
-2.5	5	6 stations	1953
-2.5	5	10 stations	1954
-2.5	5	11 stations	1955
-2.5	5	6 stations	1956
-2.5	5	7 stations	1957
-2.5	5	7 stations	1958
-2.5	5	7 stations	1959
-2.5	5	11 stations	1960
-2.5	5	4 stations	1961
-2.5	5	7 stations	1962
-2.5	5	6 stations	1963
-2.5	5	4 stations	1964
-2.5	5	1 station	1965
-2.5	5	1 station	1966
-2.5	5	2 stations	1967
-2.5	5	5 stations	1968
-2.5	5	1 station	1969
-2.5	5	3 stations	1970
-2.5	5	5 stations	1971
-2.5	5	12 stations	1972
-2.5	5	8 stations	1973
-2.5	5	8 stations	1974
-2.5	5	7 stations	1975
-2.5	5	18 stations	1976
-2.5	5	35 stations	1977
-2.5	5	73 stations	1978
-2.5	5	48 stations	1979
-2.5	5	12 stations	1980
-2.5	5	6 stations	1981
-2.5	5	1 station	1984
-2.5	5	5 stations	1991
-2.5	5	8 stations	1992
-2.5	5	15 stations	1993
-2.5	5	26 stations	1994
-2.5	5	22 stations	1995
-2.5	5	22 stations	1996
-2.5	5	14 stations	1997
-2.5	5	15 stations	1998
-2.5	5	25 stations	1999
-2.5	5	37 stations	2000
-2.5	5	24 stations	2001
-2.5	5	21 stations	2002
-2.5	5	29 stations	2003
-2.5	5	52 stations	2004
-2.5	5	65 stations	2005
-2.5	5	2 stations	2006
-2.5	5	1 station	2010
-2.5	5	1 station	2018
-2.5	5	11 stations	2021
-2.5	5	9 stations	2024
-2.5	5	4 stations	2025
-2.5	5	5 stations	2026
-2.5	5	7 stations	2027
-2.5	5	4 stations	2028
-2.5	5	5 stations	2029
-2.5	5	8 stations	2030
-2.5	5	12 stations	2031
-2.5	5	9 stations	2032
-2.5	5	5 stations	2033
-2.5	5	6 stations	2034
-2.5	5	6 stations	2035
-2.5	5	9 stations	2036
-2.5	5	2 stations	2037
-2.5	5	3 stations	2038
-2.5	5	2 stations	2039
-2.5	5	3 stations	2040
-2.5	5	10 stations	2041
-2.5	5	7 stations	2042
-2.5	5	8 stations	2043
-2.5	5	10 stations	2044
-2.5	5	11 stations	2045
-2.5	5	6 stations	2046
-2.5	5	4 stations	2047
-2.5	5	14 stations	2048
-2.5	5	21 stations	2049
-2.5	5	53 stations	2050
-2.5	5	39 stations	2051
-2.5	5	10 stations	2052
-2.5	5	25 stations	2053
-2.5	5	15 stations	2054
-2.5	5	1 station	2055
-2.5	5	1 station	2056
-2.5	5	1 station	2060
-2.5	5	6 stations	2064
-2.5	5	3 stations	2065
-2.5	5	3 stations	2066
-2.5	5	2 stations	2067
-2.5	5	1 station	2068
-2.5	5	2 stations	2069
-2.5	5	4 stations	2070
-2.5	5	4 stations	2071
-2.5	5	11 stations	2072
-2.5	5	19 stations	2073
-2.5	5	17 stations	2074
-2.5	5	19 stations	2075
-2.5	5	13 stations	2076
-2.5	5	10 stations	2077
-2.5	5	10 stations	2078
-2.5	5	6 stations	2079
-2.5	5	1 station	2086
-2.5	5	1 station	2088
-2.5	5	1 station	2091
-2.5	5	2 stations	2092
-2.5	5	5 stations	2093
-2.5	5	4 stations	2094
-2.5	5	1 station	2095
-2.5	5	1 station	2096
-2.5	5	4 stations	2097
-2.5	5	3 stations	2098
-2.5	5	2 stations	2099
-2.5	5	5 stations	2100
-2.5	5	4 stations	2101
-2.5	5	4 stations	2102
-2.5	5	7 stations	2103
-2.5	5	2 stations	2104
-2.5	5	4 stations	2105
-2.5	5	5 stations	2106
-2.5	5	5 stations	2107
-2.5	5	6 stations	2108
-2.5	5	5 stations	2109
-2.5	5	1 station	2110
-2.5	5	8 stations	2111
-2.5	5	8 stations	2112
-2.5	5	9 stations	2113
-2.5	5	7 stations	2114
-2.5	5	9 stations	2115
-2.5	5	5 stations	2116
-2.5	5	9 stations	2117
-2.5	5	12 stations	2118
-2.5	5	6 stations	2119
-2.5	5	8 stations	2120
-2.5	5	11 stations	2121
-2.5	5	28 stations	2122
-2.5	5	34 stations	2123
-2.5	5	1 station	2124
-2.5	5	12 stations	2125
-2.5	5	5 stations	2126
-2.5	5	2 stations	2128
-2.5	5	1 station	2133
-2.5	5	1 station	2135
-2.5	5	4 stations	2137
-2.5	5	1 station	2138
-2.5	5	2 stations	2140
-2.5	5	3 stations	2143
-2.5	5	1 station	2144
-2.5	5	6 stations	2145
-2.5	5	4 stations	2146
-2.5	5	4 stations	2147
-2.5	5	8 stations	2148
-2.5	5	5 stations	2149
-2.5	5	3 stations	2150
-2.5	5	4 stations	2151
-2.5	5	3 stations	2152
-2.5	5	1 station	2153
-2.5	5	3 stations	2155
-2.5	5	1 station	2156
-2.5	5	1 station	2157
-2.5	5	1 station	2159
-2.5	5	4 stations	2161
-2.5	5	2 stations	2162
-2.5	5	3 stations	2163
-2.5	5	2 stations	2164
-2.5	5	2 stations	2165
-2.5	5	3 stations	2166
-2.5	5	2 stations	2167
-2.5	5	3 stations	2168
-2.5	5	2 stations	2169
-2.5	5	6 stations	2170
-2.5	5	5 stations	2171
-2.5	5	3 stations	2172
-2.5	5	4 stations	2173
-2.5	5	3 stations	2174
-2.5	5	2 stations	2175
-2.5	5	4 stations	2176
-2.5	5	1 station	2177
-2.5	5	4 stations	2178
-2.5	5	3 stations	2179
-2.5	5	3 stations	2180
-2.5	5	3 stations	2181
-2.5	5	2 stations	2182
-2.5	5	3 stations	2183
-2.5	5	5 stations	2184
-2.5	5	5 stations	2185
-2.5	5	6 stations	2186
-2.5	5	9 stations	2187
-2.5	5	9 stations	2188
-2.5	5	6 stations	2189
-2.5	5	12 stations	2190
-2.5	5	9 stations	2191
-2.5	5	8 stations	2192
-2.5	5	6 stations	2193
-2.5	5	33 stations	2194
-2.5	5	47 stations	2195
-2.5	5	2 stations	2196
-2.5	5	1 station	2197
-2.5	5	1 station	2198
-2.5	5	1 station	2199
-2.5	5	2 stations	2200
-2.5	5	3 stations	2201
-2.5	5	1 station	2203
-2.5	5	4 stations	2206
-2.5	5	1 station	2207
-2.5	5	1 station	2209
-2.5	5	3 stations	2210
-2.5	5	2 stations	2212
-2.5	5	1 station	2213
-2.5	5	1 station	2215
-2.5	5	1 station	2216
-2.5	5	1 station	2217
-2.5	5	1 station	2218
-2.5	5	3 stations	2219
-2.5	5	2 stations	2220
-2.5	5	2 stations	2221
-2.5	5	2 stations	2222
-2.5	5	1 station	2223
-2.5	5	7 stations	2224
-2.5	5	2 stations	2225
-2.5	5	11 stations	2226
-2.5	5	4 stations	2227
-2.5	5	5 stations	2228
-2.5	5	2 stations	2229
-2.5	5	2 stations	2230
-2.5	5	1 station	2231
-2.5	5	1 station	2233
-2.5	5	3 stations	2234
-2.5	5	2 stations	2235
-2.5	5	4 stations	2236
-2.5	5	2 stations	2237
-2.5	5	2 stations	2238
-2.5	5	1 station	2240
-2.5	5	2 stations	2241
-2.5	5	1 station	2242
-2.5	5	2 stations	2244
-2.5	5	1 station	2245
-2.5	5	2 stations	2246
-2.5	5	1 station	2248
-2.5	5	1 station	2250
-2.5	5	3 stations	2251
-2.5	5	2 stations	2252
-2.5	5	2 stations	2253
-2.5	5	4 stations	2254
-2.5	5	4 stations	2255
-2.5	5	6 stations	2256
-2.5	5	4 stations	2257
-2.5	5	2 stations	2258
-2.5	5	3 stations	2259
-2.5	5	5 stations	2260
-2.5	5	8 stations	2261
-2.5	5	11 stations	2262
-2.5	5	8 stations	2263
-2.5	5	14 stations	2264
-2.5	5	20 stations	2265
-2.5	5	16 stations	2266
-2.5	5	1 station	2268
-2.5	5	1 station	2271
-2.5	5	4 stations	2272
-2.5	5	1 station	2273
-2.5	5	1 station	2276
-2.5	5	4 stations	2279
-2.5	5	2 stations	2281
-2.5	5	2 stations	2282
-2.5	5	1 station	2283
-2.5	5	1 station	2284
-2.5	5	1 station	2285
-2.5	5	1 station	2286
-2.5	5	2 stations	2287
-2.5	5	2 stations	2290
-2.5	5	1 station	2291
-2.5	5	2 stations	2292
-2.5	5	1 station	2293
-2.5	5	2 stations	2294
-2.5	5	4 stations	2295
-2.5	5	2 stations	2296
-2.5	5	1 station	2297
-2.5	5	1 station	2298
-2.5	5	4 stations	2299
-2.5	5	1 station	2301
-2.5	5	3 stations	2302
-2.5	5	4 stations	2304
-2.5	5	1 station	2306
-2.5	5	1 station	2308
-2.5	5	1 station	2310
-2.5	5	2 stations	2311
-2.5	5	2 stations	2312
-2.5	5	3 stations	2313
-2.5	5	3 stations	2315
-2.5	5	1 station	2316
-2.5	5	1 station	2317
-2.5	5	3 stations	2318
-2.5	5	1 station	2320
-2.5	5	1 station	2322
-2.5	5	2 stations	2324
-2.5	5	3 stations	2325
-2.5	5	3 stations	2326
-2.5	5	1 station	2327
-2.5	5	2 stations	2329
-2.5	5	1 station	2330
-2.5	5	2 stations	2334
-2.5	5	7 stations	2335
-2.5	5	4 stations	2336
-2.5	5	2 stations	2337
-2.5	5	1 station	2342
-2.5	5	4 stations	2345
-2.5	5	1 station	2348
-2.5	5	1 station	2351
-2.5	5	2 stations	2352
-2.5	5	1 station	2354
-2.5	5	1 station	2356
-2.5	5	1 station	2357
-2.5	5	1 station	2359
-2.5	5	1 station	2364
-2.5	5	1 station	2365
-2.5	5	1 station	2366
-2.5	5	1 station	2369
-2.5	5	1 station	2370
-2.5	5	1 station	2372
-2.5	5	1 station	2376
-2.5	5	1 station	2385
-2.5	5	1 station	2390
-2.5	5	1 station	2392
-2.5	5	1 station	2393
-2.5	5	1 station	2394
-2.5	5	1 station	2395
-2.5	5	2 stations	2396
-2.5	5	1 station	2397
-2.5	5	1 station	2399
-2.5	5	1 station	2400
-2.5	5	1 station	2407
-2.5	5	2 stations	2409
-2.5	5	2 stations	2410
-2.5	5	1 station	2416
-2.5	5	2 stations	2426
-2.5	5	1 station	2430
-2.5	5	1 station	2433
-2.5	5	1 station	2436
-2.5	5	1 station	2438
-2.5	5	1 station	2473
-2.5	5	1 station	2474
-2.5	5	1 station	2487
-2.5	5	1 station	2488
-2.5	5	2 stations	2491
-2.5	5	1 station	2497
-2.5	5	1 station	2517
-2.5	5	1 station	2551
-2.5	5	1 station	2556
-2.5	5	1 station	2579
